{
    "metadata": {
        "version": 3,
        "type": "Geometry",
        "vertices": 58,
        "generator": "io_three",
        "normals": 58,
        "faces": 90
    },
    "vertices": [-3386.82177734375,1516.4549560546875,-371.4689025878906,-2522.031005859375,1982.377197265625,-440.713623046875,-3136.889404296875,3107.2939453125,1468.4337158203125,-2641.72314453125,2920.135498046875,809.1057739257812,-2664.911376953125,2394.356689453125,2174.48291015625,-3050.982421875,1461.2802734375,-1659.77001953125,-2178.3408203125,1755.568115234375,-1516.102783203125,346.4261169433594,916.4157104492188,-3365.722412109375,-487.3087463378906,1167.8267822265625,-2440.605712890625,1739.4046630859375,1435.0391845703125,-2967.584228515625,-1930.3988037109375,1023.2222290039062,-2892.69140625,-653.8312377929688,910.6876831054688,-3318.7021484375,3295.510009765625,1166.1146240234375,-477.4273681640625,3275.132080078125,940.2861938476562,665.74560546875,2983.021484375,1005.9675903320312,1692.0941162109375,2524.9697265625,906.961181640625,2332.862060546875,3044.0908203125,1568.44677734375,-1488.738037109375,2603.70166015625,1744.87939453125,-2261.070556640625,2167.735107421875,2267.1845703125,-1220.68115234375,2051.296142578125,2335.42724609375,-1826.320556640625,2361.0009765625,947.3219604492188,739.2600708007812,750.5924682617188,1628.322021484375,3296.802978515625,-136.8568115234375,1739.8572998046875,3273.238525390625,-957.8922729492188,996.3788452148438,3198.59521484375,682.4141845703125,1793.174560546875,2492.297607421875,1597.218505859375,1365.557373046875,3004.803466796875,-2499.726806640625,1292.1175537109375,2478.530029296875,249.63059997558594,1606.98583984375,215.9886016845703,565.2600708007812,1922.0721435546875,76.83479309082031,2014.9188232421875,2031.95263671875,-615.4583740234375,-442.23834228515625,1788.5587158203125,-1275.0167236328125,704.9837036132812,1714.9949951171875,-2351.237060546875,-1146.9490966796875,1136.378662109375,142.8308868408203,-1966.770751953125,2170.76904296875,314.7936096191406,542.3397827148438,1716.349365234375,567.8557739257812,496.1226806640625,1537.580078125,1240.12890625,-270.96844482421875,1270.2247314453125,1299.353271484375,-612.0018310546875,1145.298583984375,2589.378173828125,1146.350830078125,1470.4425048828125,712.5302734375,1921.5433349609375,1141.2794189453125,575.1234130859375,1968.4395751953125,981.3855590820312,1386.69677734375,477.5003356933594,1634.1820068359375,1935.714111328125,1564.8260498046875,1339.61767578125,1926.0396728515625,1918.383544921875,1083.573974609375,1833.74609375,816.2994384765625,2228.744873046875,-1608.5726318359375,1075.2110595703125,2039.0460205078125,-449.6783142089844,1338.640380859375,2429.204345703125,-1170.4849853515625,1700.197021484375,2257.111083984375,-1932.3223876953125,-1359.10498046875,1851.0733642578125,-318.41339111328125,-1800.4932861328125,1928.52783203125,-383.2469787597656,-1112.62841796875,2021.19189453125,-1135.077392578125,-2019.499755859375,2022.8011474609375,-856.2659912109375,-1108.4927978515625,1348.88330078125,-2203.098876953125,-1657.9962158203125,1428.57421875,-2049.923583984375,-1624.48095703125,1402.1929931640625,1171.4425048828125,-2405.324462890625,2736.89599609375,1368.235107421875,-2015.5872802734375,1187.20361328125,2091.7099609375,-392.1987609863281,1266.1842041015625,24.62445068359375],
    "normals": [0.0796227902173996,0.9903256297111511,0.11352885514497757,0.6851405501365662,0.6847438216209412,0.24826806783676147,0.16821801662445068,0.9165928959846497,-0.36268195509910583,-0.011383404023945332,0.46525466442108154,0.8850672841072083,0.7507247924804688,0.3676259517669678,0.5488143563270569,-0.19333475828170776,0.9206518530845642,-0.33903011679649353,-0.27225562930107117,0.8944364786148071,-0.35474714636802673,-0.4679097831249237,0.8051087856292725,-0.3644520342350006,-0.15607166290283203,0.8701742887496948,-0.4672994017601013,-0.04583880305290222,0.8704489469528198,-0.4900662302970886,-0.08377330750226974,0.9916684627532959,-0.09781182557344437,-0.02465895563364029,0.9175084829330444,-0.3969237208366394,0.051179539412260056,0.8706015348434448,-0.48930326104164124,-0.11307107657194138,0.9000213742256165,-0.4208502471446991,-0.23432111740112305,0.8166142702102661,-0.5274513959884644,-0.17642749845981598,0.8624531030654907,-0.4743186831474304,-0.0398571714758873,0.7995238900184631,-0.599261462688446,-0.08075197786092758,0.8509781360626221,-0.5189367532730103,0.4377269744873047,0.7843257188796997,-0.43955808877944946,0.26776939630508423,0.8969694972038269,-0.35169529914855957,0.40907010436058044,0.8454237580299377,0.34333324432373047,0.2844935357570648,0.8408459424972534,0.4604327380657196,0.3580736815929413,0.8572039008140564,0.37003692984580994,0.40824609994888306,0.8883938193321228,0.20978423953056335,0.6449476480484009,0.7637867331504822,0.02536088228225708,0.1111789271235466,0.9379558563232422,0.32834863662719727,0.2768944501876831,0.9587084650993347,-0.06454664468765259,0.03567613661289215,0.999359130859375,-0.0009155552834272385,0.3736686408519745,0.9233680367469788,-0.0877101942896843,0.22867518663406372,0.9712515473365784,0.06573686748743057,-0.34550005197525024,0.7568284869194031,0.5547959804534912,0.1514938771724701,0.9694814682006836,-0.19269387423992157,-0.5262001156806946,0.8274788856506348,-0.19589830935001373,0.21704763174057007,0.9165928959846497,0.33570361137390137,0.3887142539024353,0.9203466773033142,-0.04284798726439476,0.43342387676239014,0.8988006114959717,-0.06515701860189438,-0.670857846736908,0.7253944277763367,0.15393535792827606,-0.12067018449306488,0.9229102730751038,0.365550696849823,-0.10007019340991974,0.9616382122039795,0.2553178369998932,0.30549028515815735,0.8810693621635437,0.36100345849990845,-0.40064698457717896,0.9161046147346497,0.013183996081352234,-0.08816797286272049,0.9878841638565063,-0.1276589184999466,-0.13992737233638763,0.9872737526893616,0.07525864243507385,-0.021820735186338425,0.9418317079544067,-0.335276335477829,-0.3019501268863678,0.9208654761314392,-0.2465590387582779,0.009796441532671452,0.940244734287262,0.3403118848800659,-0.1194799616932869,0.9756767749786377,0.1836603879928589,0.3820001780986786,0.8671224117279053,0.3195898234844208,0.1426740288734436,0.9869990944862366,-0.07376323640346527,0.6393627524375916,0.7608875036239624,-0.1105685606598854,0.08886989951133728,0.983275830745697,-0.158848837018013,-0.3160802125930786,0.7720267176628113,0.5513778924942017,-0.4853968918323517,0.7955870032310486,0.36246833205223083,0.4699240028858185,0.618030309677124,0.6302072405815125,0.8237251043319702,0.49494919180870056,0.2764671742916107,0.5001678466796875,0.29911190271377563,0.8125858306884766,-0.013611255213618279,0.9602954387664795,-0.2786034643650055,0.07455671578645706,0.9894101023674011,0.12442396581172943],
    "name": "Cube.004Geometry.4",